{"version": "0.4.40", "metrics": [{"metric": "DatasetDriftMetric", "result": {"drift_share": 0.1, "number_of_columns": 24, "number_of_drifted_columns": 3, "share_of_drifted_columns": 0.125, "dataset_drift": true}}, {"metric": "DataDriftTable", "result": {"number_of_columns": 24, "number_of_drifted_columns": 3, "share_of_drifted_columns": 0.125, "dataset_drift": false, "drift_by_columns": {"target": {"column_name": "target", "column_type": "cat", "stattest_name": "Z-test p_value", "stattest_threshold": 0.05, "drift_score": 1.0, "drift_detected": false, "current": {"small_distribution": {"x": [0, 1], "y": [36, 84]}}, "reference": {"small_distribution": {"x": [0, 1], "y": [60, 140]}}}, "prediction": {"column_name": "prediction", "column_type": "cat", "stattest_name": "Z-test p_value", "stattest_threshold": 0.05, "drift_score": 0.9730636714114098, "drift_detected": false, "current": {"small_distribution": {"x": [0, 1], "y": [29, 91]}}, "reference": {"small_distribution": {"x": [0, 1], "y": [48, 152]}}}, "age": {"column_name": "age", "column_type": "num", "stattest_name": "K-S p_value", "stattest_threshold": 0.05, "drift_score": 7.980718397377332e-16, "drift_detected": true, "current": {"small_distribution": {"x": [18.0, 21.4, 24.8, 28.2, 31.6, 35.0, 38.4, 41.8, 45.2, 48.599999999999994, 52.0], "y": [0.11764705882352947, 0.05882352941176467, 0.026960784313725502, 0.02450980392156861, 0.029411764705882366, 0.026960784313725502, 0.0024509803921568636, 0.0, 0.0049019607843137376, 0.002450980392156859]}}, "reference": {"small_distribution": {"x": [19.0, 24.5, 30.0, 35.5, 41.0, 46.5, 52.0, 57.5, 63.0, 68.5, 74.0], "y": [0.025454545454545455, 0.03727272727272727, 0.038181818181818185, 0.023636363636363636, 0.02090909090909091, 0.015454545454545453, 0.014545454545454545, 0.0018181818181818182, 0.002727272727272727, 0.0018181818181818182]}}}, "credit_amount": {"column_name": "credit_amount", "column_type": "num", "stattest_name": "K-S p_value", "stattest_threshold": 0.05, "drift_score": 0.4381084183311376, "drift_detected": false, "current": {"small_distribution": {"x": [693.0, 1925.0, 3157.0, 4389.0, 5621.0, 6853.0, 8085.0, 9317.0, 10549.0, 11781.0, 13013.0], "y": [0.00023674242424242422, 0.0002096861471861472, 0.00010822510822510824, 8.793290043290044e-05, 4.0584415584415584e-05, 4.0584415584415584e-05, 3.382034632034632e-05, 1.352813852813853e-05, 6.764069264069265e-06, 3.382034632034632e-05]}}, "reference": {"small_distribution": {"x": [339.0, 1890.8, 3442.6, 4994.4, 6546.2, 8098.0, 9649.8, 11201.6, 12753.4, 14305.199999999999, 15857.0], "y": [0.00023521072303131846, 0.000164325299652017, 8.699574687459726e-05, 6.444129398118314e-05, 4.5108905786828195e-05, 1.2888258796236634e-05, 3.2220646990591547e-06, 1.9332388194354954e-05, 3.2220646990591585e-06, 9.666194097177464e-06]}}}, "duration": {"column_name": "duration", "column_type": "num", "stattest_name": "K-S p_value", "stattest_threshold": 0.05, "drift_score": 0.907424415321573, "drift_detected": false, "current": {"small_distribution": {"x": [5.0, 9.3, 13.6, 17.9, 22.2, 26.5, 30.799999999999997, 35.099999999999994, 39.4, 43.699999999999996, 48.0], "y": [0.04069767441860464, 0.05426356589147288, 0.007751937984496126, 0.03294573643410852, 0.05620155038759689, 0.005813953488372097, 0.0, 0.02325581395348835, 0.0, 0.011627906976744175]}}, "reference": {"small_distribution": {"x": [5.0, 10.5, 16.0, 21.5, 27.0, 32.5, 38.0, 43.5, 49.0, 54.5, 60.0], "y": [0.026363636363636363, 0.049090909090909095, 0.025454545454545455, 0.038181818181818185, 0.005454545454545454, 0.024545454545454547, 0.0009090909090909091, 0.01, 0.0, 0.0018181818181818182]}}}, "existing_credits": {"column_name": "existing_credits", "column_type": "num", "stattest_name": "chi-square p_value", "stattest_threshold": 0.05, "drift_score": 0.2784448121072247, "drift_detected": false, "current": {"small_distribution": {"x": [1.0, 1.3, 1.6, 1.9, 2.2, 2.5, 2.8, 3.1, 3.4, 3.6999999999999997, 4.0], "y": [2.444444444444444, 0.0, 0.0, 0.7499999999999993, 0.0, 0.0, 0.08333333333333326, 0.0, 0.0, 0.055555555555555504]}}, "reference": {"small_distribution": {"x": [1.0, 1.3, 1.6, 1.9, 2.2, 2.5, 2.8, 3.1, 3.4, 3.6999999999999997, 4.0], "y": [2.1999999999999997, 0.0, 0.0, 0.9833333333333324, 0.0, 0.0, 0.11666666666666657, 0.0, 0.0, 0.033333333333333305]}}}, "installment_commitment": {"column_name": "installment_commitment", "column_type": "num", "stattest_name": "chi-square p_value", "stattest_threshold": 0.05, "drift_score": 0.051297278197780766, "drift_detected": false, "current": {"small_distribution": {"x": [1.0, 1.3, 1.6, 1.9, 2.2, 2.5, 2.8, 3.1, 3.4, 3.6999999999999997, 4.0], "y": [0.5555555555555555, 0.0, 0.0, 0.8055555555555549, 0.0, 0.0, 0.19444444444444428, 0.0, 0.0, 1.7777777777777761]}}, "reference": {"small_distribution": {"x": [1.0, 1.3, 1.6, 1.9, 2.2, 2.5, 2.8, 3.1, 3.4, 3.6999999999999997, 4.0], "y": [0.5166666666666666, 0.0, 0.0, 0.8499999999999993, 0.0, 0.0, 0.4666666666666663, 0.0, 0.0, 1.4999999999999987]}}}, "num_dependents": {"column_name": "num_dependents", "column_type": "num", "stattest_name": "Z-test p_value", "stattest_threshold": 0.05, "drift_score": 0.5835882463646982, "drift_detected": false, "current": {"small_distribution": {"x": [1.0, 1.1, 1.2, 1.3, 1.4, 1.5, 1.6, 1.7000000000000002, 1.8, 1.9, 2.0], "y": [8.999999999999993, 0.0, 0.0, 0.0, 0.0, 0.0, 0.0, 0.0, 0.0, 0.9999999999999992]}}, "reference": {"small_distribution": {"x": [1.0, 1.1, 1.2, 1.3, 1.4, 1.5, 1.6, 1.7000000000000002, 1.8, 1.9, 2.0], "y": [8.799999999999992, 0.0, 0.0, 0.0, 0.0, 0.0, 0.0, 0.0, 0.0, 1.199999999999999]}}}, "residence_since": {"column_name": "residence_since", "column_type": "num", "stattest_name": "chi-square p_value", "stattest_threshold": 0.05, "drift_score": 0.5153275576528218, "drift_detected": false, "current": {"small_distribution": {"x": [1.0, 1.3, 1.6, 1.9, 2.2, 2.5, 2.8, 3.1, 3.4, 3.6999999999999997, 4.0], "y": [0.49999999999999994, 0.0, 0.0, 1.0833333333333324, 0.0, 0.0, 0.5833333333333328, 0.0, 0.0, 1.1666666666666656]}}, "reference": {"small_distribution": {"x": [1.0, 1.3, 1.6, 1.9, 2.2, 2.5, 2.8, 3.1, 3.4, 3.6999999999999997, 4.0], "y": [0.3833333333333333, 0.0, 0.0, 1.049999999999999, 0.0, 0.0, 0.5499999999999995, 0.0, 0.0, 1.3499999999999988]}}}, "age_binary": {"column_name": "age_binary", "column_type": "cat", "stattest_name": "Z-test p_value", "stattest_threshold": 0.05, "drift_score": 0.0, "drift_detected": true, "current": {"small_distribution": {"x": ["adult", "young"], "y": [48, 72]}}, "reference": {"small_distribution": {"x": ["adult", "young"], "y": [172, 28]}}}, "checking_status": {"column_name": "checking_status", "column_type": "cat", "stattest_name": "chi-square p_value", "stattest_threshold": 0.05, "drift_score": 0.4223472249157205, "drift_detected": false, "current": {"small_distribution": {"x": ["0<=X<200", "<0", ">=200", "no checking"], "y": [43, 32, 3, 42]}}, "reference": {"small_distribution": {"x": ["0<=X<200", "<0", ">=200", "no checking"], "y": [68, 49, 12, 71]}}}, "credit_history": {"column_name": "credit_history", "column_type": "cat", "stattest_name": "chi-square p_value", "stattest_threshold": 0.05, "drift_score": 0.7663632129826202, "drift_detected": false, "current": {"small_distribution": {"x": ["all paid", "critical/other existing credit", "delayed previously", "existing paid", "no credits/all paid"], "y": [14, 27, 13, 63, 3]}}, "reference": {"small_distribution": {"x": ["all paid", "critical/other existing credit", "delayed previously", "existing paid", "no credits/all paid"], "y": [17, 47, 25, 105, 6]}}}, "employment": {"column_name": "employment", "column_type": "cat", "stattest_name": "chi-square p_value", "stattest_threshold": 0.05, "drift_score": 0.6632879646594013, "drift_detected": false, "current": {"small_distribution": {"x": ["1<=X<4", "4<=X<7", "<1", ">=7", "unemployed"], "y": [47, 14, 19, 31, 9]}}, "reference": {"small_distribution": {"x": ["1<=X<4", "4<=X<7", "<1", ">=7", "unemployed"],