{"version": "0.4.40", "metrics": [{"metric": "DatasetDriftMetric", "result": {"drift_share": 0.1, "number_of_columns": 24, "number_of_drifted_columns": 0, "share_of_drifted_columns": 0.0, "dataset_drift": false}}, {"metric": "DataDriftTable", "result": {"number_of_columns": 24, "number_of_drifted_columns": 0, "share_of_drifted_columns": 0.0, "dataset_drift": false, "drift_by_columns": {"target": {"column_name": "target", "column_type": "cat", "stattest_name": "Z-test p_value", "stattest_threshold": 0.05, "drift_score": 0.2795606740618364, "drift_detected": false, "current": {"small_distribution": {"x": [0, 1], "y": [43, 77]}}, "reference": {"small_distribution": {"x": [0, 1], "y": [60, 140]}}}, "prediction": {"column_name": "prediction", "column_type": "cat", "stattest_name": "Z-test p_value", "stattest_threshold": 0.05, "drift_score": 0.23761750352290134, "drift_detected": false, "current": {"small_distribution": {"x": [0, 1], "y": [36, 84]}}, "reference": {"small_distribution": {"x": [0, 1], "y": [48, 152]}}}, "age": {"column_name": "age", "column_type": "num", "stattest_name": "K-S p_value", "stattest_threshold": 0.05, "drift_score": 0.6472415645377071, "drift_detected": false, "current": {"small_distribution": {"x": [19.0, 24.5, 30.0, 35.5, 41.0, 46.5, 52.0, 57.5, 63.0, 68.5, 74.0], "y": [0.013636363636363637, 0.04090909090909091, 0.048484848484848485, 0.013636363636363637, 0.01818181818181818, 0.016666666666666666, 0.027272727272727275, 0.0, 0.0, 0.0030303030303030303]}}, "reference": {"small_distribution": {"x": [19.0, 24.5, 30.0, 35.5, 41.0, 46.5, 52.0, 57.5, 63.0, 68.5, 74.0], "y": [0.025454545454545455, 0.03727272727272727, 0.038181818181818185, 0.023636363636363636, 0.02090909090909091, 0.015454545454545453, 0.014545454545454545, 0.0018181818181818182, 0.002727272727272727, 0.0018181818181818182]}}}, "credit_amount": {"column_name": "credit_amount", "column_type": "num", "stattest_name": "K-S p_value", "stattest_threshold": 0.05, "drift_score": 0.9364987275634302, "drift_detected": false, "current": {"small_distribution": {"x": [433.0, 1975.4, 3517.8, 5060.200000000001, 6602.6, 8145.0, 9687.400000000001, 11229.800000000001, 12772.2, 14314.6, 15857.0], "y": [0.00023772475795297372, 0.000167487897648686, 6.483402489626553e-05, 8.104253112033196e-05, 5.402835408022131e-05, 1.080567081604425e-05, 0.0, 1.6208506224066393e-05, 0.0, 1.6208506224066393e-05]}}, "reference": {"small_distribution": {"x": [339.0, 1890.8, 3442.6, 4994.4, 6546.2, 8098.0, 9649.8, 11201.6, 12753.4, 14305.199999999999, 15857.0], "y": [0.00023521072303131846, 0.000164325299652017, 8.699574687459726e-05, 6.444129398118314e-05, 4.5108905786828195e-05, 1.2888258796236634e-05, 3.2220646990591547e-06, 1.9332388194354954e-05, 3.2220646990591585e-06, 9.666194097177464e-06]}}}, "duration": {"column_name": "duration", "column_type": "num", "stattest_name": "K-S p_value", "stattest_threshold": 0.05, "drift_score": 0.9877796590147586, "drift_detected": false, "current": {"small_distribution": {"x": [5.0, 9.3, 13.6, 17.9, 22.2, 26.5, 30.799999999999997, 35.099999999999994, 39.4, 43.699999999999996, 48.0], "y": [0.03682170542635658, 0.05232558139534885, 0.009689922480620157, 0.03682170542635658, 0.04069767441860464, 0.013565891472868226, 0.0038759689922480646, 0.032945736434108495, 0.0, 0.005813953488372088]}}, "reference": {"small_distribution": {"x": [5.0, 10.5, 16.0, 21.5, 27.0, 32.5, 38.0, 43.5, 49.0, 54.5, 60.0], "y": [0.026363636363636363, 0.049090909090909095, 0.025454545454545455, 0.038181818181818185, 0.005454545454545454, 0.024545454545454547, 0.0009090909090909091, 0.01, 0.0, 0.0018181818181818182]}}}, "existing_credits": {"column_name": "existing_credits", "column_type": "num", "stattest_name": "chi-square p_value", "stattest_threshold": 0.05, "drift_score": 0.8682004864897371, "drift_detected": false, "current": {"small_distribution": {"x": [1.0, 1.3, 1.6, 1.9, 2.2, 2.5, 2.8, 3.1, 3.4, 3.6999999999999997, 4.0], "y": [2.3055555555555554, 0.0, 0.0, 0.9166666666666659, 0.0, 0.0, 0.08333333333333326, 0.0, 0.0, 0.027777777777777752]}}, "reference": {"small_distribution": {"x": [1.0, 1.3, 1.6, 1.9, 2.2, 2.5, 2.8, 3.1, 3.4, 3.6999999999999997, 4.0], "y": [2.1999999999999997, 0.0, 0.0, 0.9833333333333324, 0.0, 0.0, 0.11666666666666657, 0.0, 0.0, 0.033333333333333305]}}}, "installment_commitment": {"column_name": "installment_commitment", "column_type": "num", "stattest_name": "chi-square p_value", "stattest_threshold": 0.05, "drift_score": 0.6854456023085224, "drift_detected": false, "current": {"small_distribution": {"x": [1.0, 1.3, 1.6, 1.9, 2.2, 2.5, 2.8, 3.1, 3.4, 3.6999999999999997, 4.0], "y": [0.611111111111111, 0.0, 0.0, 0.8611111111111104, 0.0, 0.0, 0.36111111111111077, 0.0, 0.0, 1.4999999999999987]}}, "reference": {"small_distribution": {"x": [1.0, 1.3, 1.6, 1.9, 2.2, 2.5, 2.8, 3.1, 3.4, 3.6999999999999997, 4.0], "y": [0.5166666666666666, 0.0, 0.0, 0.8499999999999993, 0.0, 0.0, 0.4666666666666663, 0.0, 0.0, 1.4999999999999987]}}}, "num_dependents": {"column_name": "num_dependents", "column_type": "num", "stattest_name": "Z-test p_value", "stattest_threshold": 0.05, "drift_score": 0.7520321985846905, "drift_detected": false, "current": {"small_distribution": {"x": [1.0, 1.1, 1.2, 1.3, 1.4, 1.5, 1.6, 1.7000000000000002, 1.8, 1.9, 2.0], "y": [8.916666666666659, 0.0, 0.0, 0.0, 0.0, 0.0, 0.0, 0.0, 0.0, 1.0833333333333324]}}, "reference": {"small_distribution": {"x": [1.0, 1.1, 1.2, 1.3, 1.4, 1.5, 1.6, 1.7000000000000002, 1.8, 1.9, 2.0], "y": [8.799999999999992, 0.0, 0.0, 0.0, 0.0, 0.0, 0.0, 0.0, 0.0, 1.199999999999999]}}}, "residence_since": {"column_name": "residence_since", "column_type": "num", "stattest_name": "chi-square p_value", "stattest_threshold": 0.05, "drift_score": 0.9253586784490977, "drift_detected": false, "current": {"small_distribution": {"x": [1.0, 1.3, 1.6, 1.9, 2.2, 2.5, 2.8, 3.1, 3.4, 3.6999999999999997, 4.0], "y": [0.3888888888888888, 0.0, 0.0, 1.1111111111111103, 0.0, 0.0, 0.5833333333333328, 0.0, 0.0, 1.249999999999999]}}, "reference": {"small_distribution": {"x": [1.0, 1.3, 1.6, 1.9, 2.2, 2.5, 2.8, 3.1, 3.4, 3.6999999999999997, 4.0], "y": [0.3833333333333333, 0.0, 0.0, 1.049999999999999, 0.0, 0.0, 0.5499999999999995, 0.0, 0.0, 1.3499999999999988]}}}, "age_binary": {"column_name": "age_binary", "column_type": "cat", "stattest_name": "Z-test p_value", "stattest_threshold": 0.05, "drift_score": 0.07834788917212565, "drift_detected": false, "current": {"small_distribution": {"x": ["adult", "young"], "y": [111, 9]}}, "reference": {"small_distribution": {"x": ["adult", "young"], "y": [172, 28]}}}, "checking_status": {"column_name": "checking_status", "column_type": "cat", "stattest_name": "chi-square p_value", "stattest_threshold": 0.05, "drift_score": 0.7074456534632132, "drift_detected": false, "current": {"small_distribution": {"x": ["0<=X<200", "<0", ">=200", "no checking"], "y": [43, 31, 9, 37]}}, "reference": {"small_distribution": {"x": ["0<=X<200", "<0", ">=200", "no checking"], "y": [68, 49, 12, 71]}}}, "credit_history": {"column_name": "credit_history", "column_type": "cat", "stattest_name": "chi-square p_value", "stattest_threshold": 0.05, "drift_score": 0.16778952171607706, "drift_detected": false, "current": {"small_distribution": {"x": ["all paid", "critical/other existing credit", "delayed previously", "existing paid", "no credits/all paid"], "y": [13, 35, 10, 56, 6]}}, "reference": {"small_distribution": {"x": ["all paid", "critical/other existing credit", "delayed previously", "existing paid", "no credits/all paid"], "y": [17, 47, 25, 105, 6]}}}, "employment": {"column_name": "employment", "column_type": "cat", "stattest_name": "chi-square p_value", "stattest_threshold": 0.05, "drift_score": 0.7021799119251434, "drift_detected": false, "current": {"small_distribution": {"x": ["1<=X<4", "4<=X<7", "<1", ">=7", "unemployed"], "y": [52, 17, 17, 23, 11]}}, "reference": {"small_distribution": {"x": ["1<=X<4", "4<=X<7", "<1", ">=7", "unemployed"],