{"version": "0.4.40", "metrics": [{"metric": "DatasetDriftMetric", "result": {"drift_share": 0.1, "number_of_columns": 24, "number_of_drifted_columns": 3, "share_of_drifted_columns": 0.125, "dataset_drift": true}}, {"metric": "DataDriftTable", "result": {"number_of_columns": 24, "number_of_drifted_columns": 3, "share_of_drifted_columns": 0.125, "dataset_drift": false, "drift_by_columns": {"target": {"column_name": "target", "column_type": "cat", "stattest_name": "Z-test p_value", "stattest_threshold": 0.05, "drift_score": 0.6395062807569771, "drift_detected": false, "current": {"small_distribution": {"x": [0, 1], "y": [39, 81]}}, "reference": {"small_distribution": {"x": [0, 1], "y": [60, 140]}}}, "prediction": {"column_name": "prediction", "column_type": "cat", "stattest_name": "Z-test p_value", "stattest_threshold": 0.05, "drift_score": 0.48572804849593476, "drift_detected": false, "current": {"small_distribution": {"x": [0, 1], "y": [33, 87]}}, "reference": {"small_distribution": {"x": [0, 1], "y": [48, 152]}}}, "age": {"column_name": "age", "column_type": "num", "stattest_name": "K-S p_value", "stattest_threshold": 0.05, "drift_score": 3.177840006837716e-11, "drift_detected": true, "current": {"small_distribution": {"x": [18.0, 21.4, 24.8, 28.2, 31.6, 35.0, 38.4, 41.8, 45.2, 48.599999999999994, 52.0], "y": [0.07107843137254904, 0.06862745098039212, 0.06372549019607845, 0.03676470588235292, 0.009803921568627454, 0.026960784313725502, 0.0024509803921568636, 0.0, 0.007352941176470606, 0.007352941176470576]}}, "reference": {"small_distribution": {"x": [19.0, 24.5, 30.0, 35.5, 41.0, 46.5, 52.0, 57.5, 63.0, 68.5, 74.0], "y": [0.025454545454545455, 0.03727272727272727, 0.038181818181818185, 0.023636363636363636, 0.02090909090909091, 0.015454545454545453, 0.014545454545454545, 0.0018181818181818182, 0.002727272727272727, 0.0018181818181818182]}}}, "credit_amount": {"column_name": "credit_amount", "column_type": "num", "stattest_name": "K-S p_value", "stattest_threshold": 0.05, "drift_score": 0.00010473056426211197, "drift_detected": true, "current": {"small_distribution": {"x": [339.0, 2186.7, 4034.4, 5882.1, 7729.8, 9577.5, 11425.2, 13272.9, 15120.6, 16968.3, 18816.0], "y": [0.00012628312677021884, 0.00016687413180350343, 9.471234507766411e-05, 7.216178672583933e-05, 9.020223340729916e-06, 1.8040446681459826e-05, 3.1570781692554725e-05, 0.0, 9.020223340729923e-06, 1.3530335011094868e-05]}}, "reference": {"small_distribution": {"x": [339.0, 1890.8, 3442.6, 4994.4, 6546.2, 8098.0, 9649.8, 11201.6, 12753.4, 14305.199999999999, 15857.0], "y": [0.00023521072303131846, 0.000164325299652017, 8.699574687459726e-05, 6.444129398118314e-05, 4.5108905786828195e-05, 1.2888258796236634e-05, 3.2220646990591547e-06, 1.9332388194354954e-05, 3.2220646990591585e-06, 9.666194097177464e-06]}}}, "duration": {"column_name": "duration", "column_type": "num", "stattest_name": "K-S p_value", "stattest_threshold": 0.05, "drift_score": 0.9594935103494973, "drift_detected": false, "current": {"small_distribution": {"x": [5.0, 9.3, 13.6, 17.9, 22.2, 26.5, 30.799999999999997, 35.099999999999994, 39.4, 43.699999999999996, 48.0], "y": [0.02906976744186046, 0.04651162790697675, 0.007751937984496126, 0.0445736434108527, 0.04069767441860464, 0.011627906976744195, 0.0, 0.038759689922480585, 0.0, 0.013565891472868205]}}, "reference": {"small_distribution": {"x": [5.0, 10.5, 16.0, 21.5, 27.0, 32.5, 38.0, 43.5, 49.0, 54.5, 60.0], "y": [0.026363636363636363, 0.049090909090909095, 0.025454545454545455, 0.038181818181818185, 0.005454545454545454, 0.024545454545454547, 0.0009090909090909091, 0.01, 0.0, 0.0018181818181818182]}}}, "existing_credits": {"column_name": "existing_credits", "column_type": "num", "stattest_name": "chi-square p_value", "stattest_threshold": 0.05, "drift_score": 0.8071667353545626, "drift_detected": false, "current": {"small_distribution": {"x": [1.0, 1.3, 1.6, 1.9, 2.2, 2.5, 2.8, 3.1, 3.4, 3.6999999999999997, 4.0], "y": [2.222222222222222, 0.0, 0.0, 0.9166666666666659, 0.0, 0.0, 0.16666666666666652, 0.0, 0.0, 0.027777777777777752]}}, "reference": {"small_distribution": {"x": [1.0, 1.3, 1.6, 1.9, 2.2, 2.5, 2.8, 3.1, 3.4, 3.6999999999999997, 4.0], "y": [2.1999999999999997, 0.0, 0.0, 0.9833333333333324, 0.0, 0.0, 0.11666666666666657, 0.0, 0.0, 0.033333333333333305]}}}, "installment_commitment": {"column_name": "installment_commitment", "column_type": "num", "stattest_name": "chi-square p_value", "stattest_threshold": 0.05, "drift_score": 0.863387410134206, "drift_detected": false, "current": {"small_distribution": {"x": [1.0, 1.3, 1.6, 1.9, 2.2, 2.5, 2.8, 3.1, 3.4, 3.6999999999999997, 4.0], "y": [0.49999999999999994, 0.0, 0.0, 0.7499999999999993, 0.0, 0.0, 0.47222222222222177, 0.0, 0.0, 1.6111111111111098]}}, "reference": {"small_distribution": {"x": [1.0, 1.3, 1.6, 1.9, 2.2, 2.5, 2.8, 3.1, 3.4, 3.6999999999999997, 4.0], "y": [0.5166666666666666, 0.0, 0.0, 0.8499999999999993, 0.0, 0.0, 0.4666666666666663, 0.0, 0.0, 1.4999999999999987]}}}, "num_dependents": {"column_name": "num_dependents", "column_type": "num", "stattest_name": "Z-test p_value", "stattest_threshold": 0.05, "drift_score": 0.7269777337451173, "drift_detected": false, "current": {"small_distribution": {"x": [1.0, 1.1, 1.2, 1.3, 1.4, 1.5, 1.6, 1.7000000000000002, 1.8, 1.9, 2.0], "y": [8.666666666666659, 0.0, 0.0, 0.0, 0.0, 0.0, 0.0, 0.0, 0.0, 1.3333333333333321]}}, "reference": {"small_distribution": {"x": [1.0, 1.1, 1.2, 1.3, 1.4, 1.5, 1.6, 1.7000000000000002, 1.8, 1.9, 2.0], "y": [8.799999999999992, 0.0, 0.0, 0.0, 0.0, 0.0, 0.0, 0.0, 0.0, 1.199999999999999]}}}, "residence_since": {"column_name": "residence_since", "column_type": "num", "stattest_name": "chi-square p_value", "stattest_threshold": 0.05, "drift_score": 0.4702614232784511, "drift_detected": false, "current": {"small_distribution": {"x": [1.0, 1.3, 1.6, 1.9, 2.2, 2.5, 2.8, 3.1, 3.4, 3.6999999999999997, 4.0], "y": [0.3888888888888888, 0.0, 0.0, 0.8333333333333326, 0.0, 0.0, 0.6388888888888883, 0.0, 0.0, 1.472222222222221]}}, "reference": {"small_distribution": {"x": [1.0, 1.3, 1.6, 1.9, 2.2, 2.5, 2.8, 3.1, 3.4, 3.6999999999999997, 4.0], "y": [0.3833333333333333, 0.0, 0.0, 1.049999999999999, 0.0, 0.0, 0.5499999999999995, 0.0, 0.0, 1.3499999999999988]}}}, "age_binary": {"column_name": "age_binary", "column_type": "cat", "stattest_name": "Z-test p_value", "stattest_threshold": 0.05, "drift_score": 5.0742965385097705e-11, "drift_detected": true, "current": {"small_distribution": {"x": ["adult", "young"], "y": [63, 57]}}, "reference": {"small_distribution": {"x": ["adult", "young"], "y": [172, 28]}}}, "checking_status": {"column_name": "checking_status", "column_type": "cat", "stattest_name": "chi-square p_value", "stattest_threshold": 0.05, "drift_score": 0.08471606737452936, "drift_detected": false, "current": {"small_distribution": {"x": ["0<=X<200", "<0", ">=200", "no checking"], "y": [37, 38, 2, 43]}}, "reference": {"small_distribution": {"x": ["0<=X<200", "<0", ">=200", "no checking"], "y": [68, 49, 12, 71]}}}, "credit_history": {"column_name": "credit_history", "column_type": "cat", "stattest_name": "chi-square p_value", "stattest_threshold": 0.05, "drift_score": 0.8585264416404892, "drift_detected": false, "current": {"small_distribution": {"x": ["all paid", "critical/other existing credit", "delayed previously", "existing paid", "no credits/all paid"], "y": [10, 24, 15, 66, 5]}}, "reference": {"small_distribution": {"x": ["all paid", "critical/other existing credit", "delayed previously", "existing paid", "no credits/all paid"], "y": [17, 47, 25, 105, 6]}}}, "employment": {"column_name": "employment", "column_type": "cat", "stattest_name": "chi-square p_value", "stattest_threshold": 0.05, "drift_score": 0.16951460128454035, "drift_detected": false, "current": {"small_distribution": {"x": ["1<=X<4", "4<=X<7", "<1", ">=7", "unemployed"], "y": [41, 22, 13, 26, 18]}},