{
  "run_id": "0258d4b3d2b7443798c2d1eb38cdccb9",
  "test_accuracy": 0.7766666666666666,
  "test_f1": 0.8501118568232662,
  "test_roc_auc": 0.834126984126984
}