{
  "run_id": "3a38c14533754670ab257ac1ca7393e5",
  "test_accuracy": 0.7766666666666666,
  "test_f1": 0.8501118568232662,
  "test_roc_auc": 0.834126984126984
}